{"type":"Topology","arcs":[[[2276,2525],[2,26],[-5,41],[-22,36],[-2,30],[-15,9],[-5,45],[-17,35],[-22,-27],[-2,-20],[-11,-40],[-15,-38],[9,-23],[-11,-15],[-8,-54],[7,-41],[-5,-21],[9,-34],[-19,-57],[-7,-39],[-13,-32],[-11,-38],[-41,-25],[-58,25],[-9,22],[-32,18],[-17,0],[-44,42],[-31,25],[-47,23],[-48,39],[-4,20],[21,36],[18,35],[-7,29],[21,2],[23,29],[16,38],[-28,36],[-14,-14],[-23,6],[-35,-20],[-38,22],[-17,-7],[-51,18],[-33,29],[-40,18],[-32,-11],[44,-23],[1,-37],[-51,-13],[-31,8],[-37,-25],[-26,-41],[9,-18],[-27,-18],[-29,-58],[13,-39],[-39,7],[-38,0],[-34,43],[-44,33],[-30,-10],[-26,-10],[-2,-18],[-26,8],[-1,-20],[-31,-12],[-14,-28],[-34,-35],[-7,-55],[-27,16],[-19,-35],[22,-34],[-26,-14],[-26,62],[-42,-61],[-2,-39],[-3,-29],[-35,-36],[-16,-38],[-33,-32],[-64,-21],[-33,2],[-16,-7],[-9,-15],[-37,-8],[-48,-27],[-17,9],[-27,-6],[-47,-26],[-30,-30],[-49,-24],[-26,-49],[-4,54],[-25,-51],[6,-42],[-8,-36],[-12,-17],[-7,-42],[14,-21],[6,-23],[30,-56],[1,-37],[-18,28],[-30,21],[20,-67],[-26,31],[8,-30],[35,-57],[7,-56],[27,-28],[2,-21],[24,-47],[-3,-40],[10,-41],[32,-73],[7,-42],[-7,-50],[2,-25],[-10,-17],[-31,-9],[-1,-41],[33,-14],[64,-46],[41,0],[44,-2],[30,22],[30,21],[18,-4],[36,38],[42,4],[43,8],[54,-13],[38,6],[52,2],[22,29],[12,37],[52,17],[65,36],[58,-4],[69,23],[79,26],[108,7],[59,-35],[43,-2],[77,-43],[-11,-17],[32,-27],[38,-52],[-2,-37],[48,-30],[23,57],[38,24],[49,61],[5,-53],[-23,-35],[-9,-41],[-32,-39],[54,13],[29,49],[15,-53],[-20,-35],[59,-8],[29,-29],[15,-36],[11,-55],[39,-44],[59,-20],[35,-5],[34,-12],[53,-19],[53,52],[33,13],[-9,-37],[37,-13],[50,-31],[37,30],[28,28],[56,29],[68,3],[35,25],[-3,22],[7,50],[16,53],[23,36],[18,62],[21,35],[22,55],[45,35],[27,65],[12,52],[-2,41],[17,63],[10,34],[4,63],[-29,61],[4,44],[-2,41],[-17,57],[-47,58],[-28,27],[-43,44],[-11,76],[-15,-11],[-24,31],[-25,-16],[-23,78],[-35,44],[8,18],[-41,31],[-43,34],[-66,37],[-19,49],[6,37],[-17,61],[-15,8],[-9,36],[-13,61],[6,32],[-29,28],[-20,30],[-39,-27],[-22,56]],[[2387,593],[-39,6],[-2,-32],[35,-63],[8,-47],[38,-61],[37,-2],[13,-4],[42,50],[21,-20],[6,58],[21,24],[-4,85],[-36,5],[-48,-14],[-33,-10],[-59,25]],[[3383,2766],[-28,14],[23,-44],[5,0],[0,-2736],[-3383,0],[0,2792],[837,0],[25,-16],[26,1],[3,15],[167,0],[-3,-15],[7,-8],[52,16],[5,7],[1414,0],[7,-7],[61,-11],[53,-8],[15,-18],[40,5],[7,21],[-40,18],[707,0],[0,-26]]],"transform":{"scale":[0.01646001243097671,0.013988017506983608],"translate":[106.10275036813505,-49.089741841441395]},"objects":{"ne_110m_ocean":{"type":"GeometryCollection","geometries":[{"arcs":[[2],[0],[1]],"type":"Polygon","properties":{"scalerank":0,"featurecla":"Ocean","min_zoom":0}}]}}}